naam,officiële website,land van nationaliteit,IMDb-identificatiecode,geboortedatum,aantal volgers op sociale media,voornaam,beroep,geboorteplaats,sekse of geslacht,GTAA-identificatiecode,Instagram-gebruikersnaam,Twitter-gebruikersnaam,werkperiode (begin),afbeelding,familienaam,ČSFD-identificatiecode voor persoon,Freebase-identificatiecode,is een,kind,Commonscategorie,geboortenaam,werken in collectie,auteursrechtenstatus van maker,overlijdensplaats,overlijdensdatum,naam in moedertaal,Stadsarchief Rotterdam-identificatiecode voor persoon of organisatie,MusicBrainz-identificatiecode voor artiest,Acharts.co-identificatiecode voor artiest,VIAF-identificatiecode,Europeana Entity-identificatiecode,WorldCat Identities-identificatiecode,instrument,PORT-identificatiecode voor persoon,ISNI-identificatiecode,Kinopoisk-identificatiecode voor persoon,AlloCiné-identificatiecode voor persoon,NTA-identificatiecode,Muziekweb-identificatiecode voor uitvoerend artiest,platenlabel,MovieMeter-identificatiecode voor regisseur,AllMovie-identificatiecode voor artiest,wijze van overlijden,doodsoorzaak,Filmweb.pl-identificatiecode voor persoon,huwelijkspartner,GND-identificatiecode,Cultureel Woordenboek-identificatiecode,LCAuth-identificatiecode,deelgenomen aan,Discogs-identificatiecode voor artiest,genre,Nederlandse Top 40-identificatiecode voor artiest,AllMusic-identificatiecode voor artiest,ontvangen prijs,aantal kinderen,pseudoniem,Kunstenpunt-identificatiecode voor persoon,vader,Songkick-identificatiecode voor artiest,video,NKC-identificatiecode,CONOR.SI-identificatiecode,SFDb-identificatiecode voor persoon,Elonet-identificatiecode voor acteur,Scope.dk-identificatiecode voor persoon,Filmportal-identificatiecode,Deutsche Biographie-identificatiecode,Deutsche Synchronkartei-identificatiecode voor acteur,SUDOC-identificatiecode,lid van,BnF-identificatiecode,DNF-identificatiecode voor persoon,Google Knowledge Graph-identificatiecode,beschreven op URL,INDUCKS-identificatiecode voor maker,DBNL-identificatiecode voor auteur,RKDartists-identificatiecode,Jeugdliteratuur-identificatiecode,taalbeheersing,beschreven door bron,moedertaal,onderhouden door wikiproject,stem,elFilm-identificatiecode voor persoon,lesarchivesduspectacle-identificatiecode,KMDb-identificatiecode voor persoon,elCinema-identificatiecode voor persoon,OMDB-identificatiecode voor persoon,EDb-identificatiecode voor persoon,sport,BNE-identificatiecode,Genius-identificatiecode voor artiest (numeriek),Genius-identificatiecode voor artiest,Quora-identificatiecode voor onderwerp,TMDb-identificatiecode voor persoon,Cinemagia-identificatiecode voor acteur,Biografisch Portaal-identificatiecode,Biografisch Woordenboek van Nederland: 1880-2000-identificatiecode,op focuslijst van Wikimedia-project,relevant werk,NUKAT-identificatiecode,schrijftaal,FAST-identificatiecode,BIBSYS-identificatiecode,opleiding gevolgd aan,Find a Grave-identificatiecode voor graf,DVN-identificatiecode,student van,broer of zus,floruit,Lambiek Comiclopedia-identificatiecode voor kunstenaar,onderdeel van,Norwegian Nationaltheatret-identificatiecode voor acteur,werkveld,gesproken tekst,KRNLK-identificatiecode,BNB-identificatiecode voor persoon,NDL-identificatiecode,Babelio-identificatiecode voor auteur,lid van sportteam of club,transfermarkt-identificatiecode voor voetballer,sportnationaliteit,positie van speler / specialiteit,Eu-football.info-identificatiecode voor speler,National-Football-Teams.com-identificatiecode voor speler,ambt,werkgever,moeder,Artnet-identificatiecode voor kunstenaar,Artsy-identificatiecode voor artiest,Munzinger Pop-identificatiecode,DACS-identificatiecode,PictoRight-identificatiecode voor kunstenaar,SNAC-identificatiecode,Invaluable.com-identificatiecode voor kunstenaar,auteursrechtvertegenwoordiger,Rock's Backpages-identificatiecode voor artiest,Christie's-identificatiecode voor kunstenaar,werklocatie,MutualArt-identificatiecode voor kunstenaar,foto van graf,Commonscreatorpagina,WikiTree-identificatiecode,ArtBrokerage-identificatiecode voor artiest,Geni.com-identificatiecode,hoofdcategorie van onderwerp,Billboard-identificatiecode voor artiest,Benezit-identificatiecode,partner,verkorte naam,NLP-identificatiecode (record)
Cynthia_Abma,http://www.cynthiaabma.nl/,Koninkrijk der Nederlanden,nm0008819,1969-05-31T00:00:00Z,20023,Cynthia,televisieacteur;televisiepresentator,Rotterdam,vrouwelijk,75182,cynthiaabma,CynthiaAbma1,1990-01-01T00:00:00Z,http://commons.wikimedia.org/wiki/Special:FilePath/Cynthia%20Abma.jpg,Abma,407951,/m/0hj9wvj,mens,,,,,,,,,,,,,,,,,,,,,,,,,,,,,,,,,,,,,,,,,,,,,,,,,,,,,,,,,,,,,,,,,,,,,,,,,,,,,,,,,,,,,,,,,,,,,,,,,,,,,,,,,,,,,,,,,,,,,,,,,,,,,,,,,,,,,,
Ab_Abspoel,,Koninkrijk der Nederlanden,nm0009428,1925-04-29T00:00:00Z,,Albert,televisieacteur,Den Haag,mannelijk,75249,,,1959-01-01T00:00:00Z,http://commons.wikimedia.org/wiki/Special:FilePath/Leo%20de%20Hartogh%2C%20Elisabeth%20Versluys%20en%20Ab%20Abspoel%20%281961%29.jpg,,,,mens,Michael Abspoel,Ab Abspoel,Albert Abspoel,Stadsarchief Rotterdam,oeuvre auteursrechtelijk beschermd,Amstelveen,2000-03-28T00:00:00Z,Ab Abspoel,136880111,,,,,,,,,,,,,,,,,,,,,,,,,,,,,,,,,,,,,,,,,,,,,,,,,,,,,,,,,,,,,,,,,,,,,,,,,,,,,,,,,,,,,,,,,,,,,,,,,,,,,,,,,,,,,,,,,,,,,,,,,,,,,
Thomas_Acda,http://www.thomasacda.nl/,Koninkrijk der Nederlanden,nm0009636,1967-03-06T00:00:00Z,,Thomas,zanger;televisieacteur;filmregisseur;cabaretier;filmacteur,De Rijp,mannelijk,75284,,,1993-01-01T00:00:00Z,http://commons.wikimedia.org/wiki/Special:FilePath/Thomas%20Acda.jpg,,166741,/m/0956kz,mens,,Thomas Acda,,,,,,,,b750b2e4-7fc0-4312-88a7-76b8e59bc896,thomas_acda,284511467,agent/base/159589,viaf-284511467,stem,204095,0000 0003 6913 2522,255303,266025,19152266X,M00000013049,Universal Music Group,42308,p232076,,,,,,,,,,,,,,,,,,,,,,,,,,,,,,,,,,,,,,,,,,,,,,,,,,,,,,,,,,,,,,,,,,,,,,,,,,,,,,,,,,,,,,,,,,,,,,,,,,,,,,,,,,,,,,
Christel_Adelaar,,Koninkrijk der Nederlanden,nm0011780,1935-02-14T00:00:00Z,,Christel,acteur;zanger;televisiepresentator;presentator,Semarang,vrouwelijk,75415,,,1955-01-01T00:00:00Z,http://commons.wikimedia.org/wiki/Special:FilePath/Christel%20Adelaar.png,Adelaar,,/m/0pk_13w,mens,,Christel Adelaar,,,,Heemstede,2013-01-10T00:00:00Z,,,,,,,,stem,,,,,,,,,,natuurlijke dood,longkanker,701918,,,,,,,,,,,,,,,,,,,,,,,,,,,,,,,,,,,,,,,,,,,,,,,,,,,,,,,,,,,,,,,,,,,,,,,,,,,,,,,,,,,,,,,,,,,,,,,,,,,,,,,,,,,
Achmed_Akkabi,,Koninkrijk der Nederlanden,nm2403095,1983-10-03T00:00:00Z,,Achmed,acteur;televisieacteur;televisiepresentator;presentator;filmacteur,Den Haag,mannelijk,209882,,,2006-01-01T00:00:00Z,http://commons.wikimedia.org/wiki/Special:FilePath/Achmed%20Akkabi%20and%20Liliana%20de%20Vries%20%28cropped%29%20-%20Achmed%20Akkabi.jpg,,225746,/m/05z_18j,mens,,Achmed Akkabi,,,,,,,,,,291688441,,viaf-291688441,,,0000 0003 9666 8525,1174802,176750,330357425,,,,p553804,,,,,,,,,,,,,,,,,,,,,,,,,,,,,,,,,,,,,,,,,,,,,,,,,,,,,,,,,,,,,,,,,,,,,,,,,,,,,,,,,,,,,,,,,,,,,,,,,,,,,,,,,,,,,,
Willeke_Alberti,https://willekealberti.nl,Koninkrijk der Nederlanden,nm0016675,1945-02-03T00:00:00Z,,Willeke,zanger;televisieacteur;filmacteur;studiomuzikant,Amsterdam,vrouwelijk,76612,,,1956-01-01T00:00:00Z,http://commons.wikimedia.org/wiki/Special:FilePath/Willeke%20Alberti.jpg,Alberti,400394,/m/01vs48f,mens,Daniëlle Oonk;Johnny de Mol,Willeke Alberti,Willy Albertina Verbrugge,,,,,,,4a55ccc3-2c29-4e2b-9101-fcf45472a527,willeke_alberti,289567214,agent/base/69178,lccn-n2016029753,stem,,0000 0003 7237 8005,,,073599476,M00000077610,Philips Records,,,,,,Joop Oonk;John de Mol jr.;Søren Lerby,1072111063,populaire-muziek/willeke-alberti,n2016029753,Eurovisiesongfestival 1994,282286,Nederlandstalige muziek;levenslied,willeke-alberti,mn0002185869,Ridder in de Orde van Oranje-Nassau;Gouden Harp,3,Willeke Alberti,1911773,Willy Alberti,453696,,,,,,,,,,,,,,,,,,,,,,,,,,,,,,,,,,,,,,,,,,,,,,,,,,,,,,,,,,,,,,,,,,,,,,,,,,,,,,,,,,,,,,,,,,,,
Marlies_van_Alcmaer,,Koninkrijk der Nederlanden,nm0017236,1938-01-30T00:00:00Z,,Marlies,acteur,Alkmaar,vrouwelijk,76677,,,1962-01-01T00:00:00Z,http://commons.wikimedia.org/wiki/Special:FilePath/Marlies%20van%20Alcmaer.png,,364996,/m/0pxfgx_,mens,,Marlies van Alcmaer,,,,,,,,388a9c28-f22b-4f3e-abc3-88def2e0f621,,,,,,,,,,,,,,,,,,,,,,,,,,,,,,,,,,,,,,,,,,,,,,,,,,,,,,,,,,,,,,,,,,,,,,,,,,,,,,,,,,,,,,,,,,,,,,,,,,,,,,,,,,,,,,,,,,,,,,,,,,,,
Marjolein_Algera,,Koninkrijk der Nederlanden,nm1131818,1965-11-25T00:00:00Z,,Marjolein,stemacteur,,vrouwelijk,,,,,,,431636,,mens,,,,,,,,,,,,,,,,,,,,,,,,,,,,,,,,,,,,,,,,,,,,,,,,,,,,,,,,,,,,,,,,,,,,,,,,,,,,,,,,,,,,,,,,,,,,,,,,,,,,,,,,,,,,,,,,,,,,,,,,,,,,,,,,,,,,,,
Najib_Amhali,,Koninkrijk der Nederlanden,nm0024801,1971-04-04T00:00:00Z,,Najib,acteur;televisieacteur;cabaretier;filmacteur,Nador,mannelijk,76888,,,1989-01-01T00:00:00Z,http://commons.wikimedia.org/wiki/Special:FilePath/Najib%20Amhali%20-%20Daten%20-%20Klassieker.webm%2002.jpg,,,/m/025w_17,mens,,,,,,,,,,,najib_amhali,120621237,agent/base/90332,viaf-120621237,,,0000 0003 7206 4743,,,261981013,,,,p267628,,,,,,,,,,,,,Leids Cabaret Festival,,,,,,http://commons.wikimedia.org/wiki/Special:FilePath/Najib%20Amhali%20-%20Daten%20-%20Klassieker.webm,pna2010571721,75274595,,,,,,,,,,,,,,,,,,,,,,,,,,,,,,,,,,,,,,,,,,,,,,,,,,,,,,,,,,,,,,,,,,,,,,,,,,,,,,,,,,,,,,,,,
Willeke_van_Ammelrooy,http://www.willekevanammelrooy.nl,Koninkrijk der Nederlanden,nm0002168,1944-04-05T00:00:00Z,,Willeke,acteur;filmregisseur;filmacteur,Amsterdam,vrouwelijk,76918,,,1966-01-01T00:00:00Z,http://commons.wikimedia.org/wiki/Special:FilePath/Willeke%20van%20Ammelrooy.png,Ammelrooy,6761,/m/026rdvc,mens,Denise Janzee,Willeke van Ammelrooy,,,,,,,,,,64207770,,lccn-no96054296,,19462,0000 0000 7840 8875,100612,22613,071309713,,,13436,p72793,,,,,140324895,film/willeke-van-ammelrooy,no96054296,,1371200,,,,Gouden Kalf voor beste actrice,,,,,,,,,100017;223772,224173,7463,151eb43df43d41cd81f801e6ef89c7d2,140324895,10211,081259743,ShortCutz Amsterdam Jury leden,14045075n,22840,,,,,,,,,,,,,,,,,,,,,,,,,,,,,,,,,,,,,,,,,,,,,,,,,,,,,,,,,,,,,,,,,,,,,,,,,,,,,,,
Sander_van_Amsterdam,,Koninkrijk der Nederlanden,nm2196133,1988-10-21T00:00:00Z,,Sander,acteur,Alkmaar,mannelijk,238492,,,,http://commons.wikimedia.org/wiki/Special:FilePath/Noa%20robbie%20huisanubis.JPG,van Amsterdam,96820,,mens,,Sander van Amsterdam,,,,,,,,,,,,,,,,,,,,,,,,,,,,,,,,,,,,,,,,,,,,,,,,,,,,,,/g/122zd7t7,,,,,,,,,,,,,,,,,,,,,,,,,,,,,,,,,,,,,,,,,,,,,,,,,,,,,,,,,,,,,,,,,,,,,,,,,,,,,,
Ingeborg_Ansing,,Koninkrijk der Nederlanden,nm0030631,1963-07-17T00:00:00Z,,Ingeborg,acteur,Zaltbommel,vrouwelijk,77635,,,1996-01-01T00:00:00Z,,,427990,,mens,,,,,,,,,,,,,,,,,,,,,,,,,,,,,,,,,,,,,,,,,,,,,,,,,,,,,,,,/g/121n49_z,https://filmwiki.nl/Ingeborg_Ansing,,,,,,,,,,,,,,,,,,,,,,,,,,,,,,,,,,,,,,,,,,,,,,,,,,,,,,,,,,,,,,,,,,,,,,,,,,,,,
William_Anthony,,,,,,,,,,,,,,,,,,,,,,,,,,,,,,,,,,,,,,,,,,,,,,,,,,,,,,,,,,,,,,,,,,,,,,,,,,,,,,,,,,,,,,,,,,,,,,,,,,,,,,,,,,,,,,,,,,,,,,,,,,,,,,,,,,,,,,,,,,,,,,,,,,,,,,,,
Bert_Apeldoorn,,,,,,,,,,,,,,,,,,,,,,,,,,,,,,,,,,,,,,,,,,,,,,,,,,,,,,,,,,,,,,,,,,,,,,,,,,,,,,,,,,,,,,,,,,,,,,,,,,,,,,,,,,,,,,,,,,,,,,,,,,,,,,,,,,,,,,,,,,,,,,,,,,,,,,,,
Ger_Apeldoorn,,Koninkrijk der Nederlanden,nm0031990,1959-01-01T00:00:00Z,,Ger,schrijver;acteur;vertaler,,mannelijk,77962,,,,http://commons.wikimedia.org/wiki/Special:FilePath/Ger%20Apeldoorn%20%28acteur%20en%20schrijver%29.jpg,,,,mens,,Ger Apeldoorn,,,,,,,,,,283039547,,viaf-283039547,,,0000 0003 6913 400X,,,069684340,,,,,,,,,,,,,,,,,,,,1902096,,,,,,,,,,,,,,,,,,Ger Apeldoorn,apel012,,,,,,,,,,,,,,,,,,,,,,,,,,,,,,,,,,,,,,,,,,,,,,,,,,,,,,,,,,,,,,,,,,,,,,,,,,,
Martijn_Apituley,,Koninkrijk der Nederlanden,nm0032053,1948-08-04T00:00:00Z,,Martijn,acteur,,mannelijk,77971,,,,,,413421,,mens,,,,,,,,,,,,,,,,,,,,,,,,,,,,,,,,,,,,,,,,,,,,,,,,,,,,,,,,,,,,,,,,,,,,,,,,,,,,,,,,,,,,,,,,,,,,,,,,,,,,,,,,,,,,,,,,,,,,,,,,,,,,,,,,,,,,,,
Jan_Apon,,,,,,,,,,,,,,,,,,Wikimedia-doorverwijspagina,,,,,,,,,,,,,,,,,,,,,,,,,,,,,,,,,,,,,,,,,,,,,,,,,,,,,,,,,,,,,,,,,,,,,,,,,,,,,,,,,,,,,,,,,,,,,,,,,,,,,,,,,,,,,,,,,,,,,,,,,,,,,,,,,,,,,,
Jenny_Arean,http://www.jennyarean.com/,Koninkrijk der Nederlanden,nm0034154,1942-10-04T00:00:00Z,,Jenny,schrijver;acteur;zanger;cabaretier,Lisse,vrouwelijk,78107,,,1962-01-01T00:00:00Z,http://commons.wikimedia.org/wiki/Special:FilePath/Jenny%20Arean.png,Arean,411148,/m/01vz8b4,mens,,Jenny Arean,,,,,,Jenny Arean,,266ffc28-87e1-4e45-8a93-ec2492b341de,,317277628,agent/base/33641,lccn-nb2019006971,stem,534736,0000 0003 6897 2116,181053,,,M00000280361,,,p130738,,,,,,toneel/jenny-arean,,,295850,,,,Nationale Scheveningen Cabaretprijs;Ridder in de Orde van Oranje-Nassau;Johan Kaartprijs;Gouden Harp;Annie M.G. Schmidt-prijs,,,,,,,,,,936537,,,,,,,,,,,,,441520,jenny-arean,Nederlands,Iedereen Leest,Nederlands,Iedereen Leest,contra-alt,,,,,,,,,,,,,,,,,,,,,,,,,,,,,,,,,,,,,,,,,,,,,,,,,,,,,,,,,,,,,,,,,,,,
Adigun_Arnaud,,,,,,,,,,,,,,,,,,,,,,,,,,,,,,,,,,,,,,,,,,,,,,,,,,,,,,,,,,,,,,,,,,,,,,,,,,,,,,,,,,,,,,,,,,,,,,,,,,,,,,,,,,,,,,,,,,,,,,,,,,,,,,,,,,,,,,,,,,,,,,,,,,,,,,,,
Josefine_van_Asdonk,,Koninkrijk der Nederlanden,nm0038548,1974-10-06T00:00:00Z,,Josefine,acteur;televisiepresentator,Amsterdam,vrouwelijk,256234,,,,,,409079,,mens,,,,,,,,,,,,,,,,,,768822,,,,,,,,,,,,,,,,,,,,,,,,,,,,,,,,,,,,,,/g/121_tvzv,,,,,,,,,,,,,,,,,,,,,,,,,,,,,,,,,,,,,,,,,,,,,,,,,,,,,,,,,,,,,,,,,,,,,,,,,,,,,,
Barry_Atsma,http://www.barryatsma.nl/,Koninkrijk der Nederlanden,nm0040038,1972-01-01T00:00:00Z;1972-12-29T00:00:00Z,,Barry,acteur;televisieacteur;uitvoerend kunstenaar;filmacteur,Bromley,mannelijk,78681,,,1993-01-01T00:00:00Z,http://commons.wikimedia.org/wiki/Special:FilePath/MJK%2012688%20Barry%20Atsma%20%28Bad%20Banks%29.jpg,Atsma,147703,/m/0cmyk2c,mens,,Barry Atsma,,,,,,,,,,101165778,,lccn-no2016116248,,336486,0000 0003 7204 5462,759374,431967,314953272,,,,p488008,,,,,139423907;1074444388,toneel/barry-atsma,no2016116248,,,,,,Gouden Kalf voor beste acteur,,,1914472,,,,,,409591,,56707,2e68b7381fb849368e770ae7e5b65e53,1074444388,,,,15895244g,,,https://filmwiki.nl/Barry_Atsma,,,,,Engels,,,,,4158565,48985,00150470,2016848,115699,n0015397,,,,,,,,,,,,,,,,,,,,,,,,,,,,,,,,,,,,,,,,,,,,,,,,,,,,,,,,,,,,,,
Doris_Baaten,,Koninkrijk der Nederlanden,nm0044691,1956-04-12T00:00:00Z,,Doris,televisieacteur;uitvoerend kunstenaar;televisiepresentator;presentator,,vrouwelijk,77741,,,,http://commons.wikimedia.org/wiki/Special:FilePath/Doris%20Baaten%20IMG%201015.JPG,,,/m/0bc7cp,mens,,Doris Baaten,,,,,,,,,,287174450,,viaf-287174450,,,0000 0003 9299 6476,1062420,,094783217,,,,,,,,,,,,,,,,,,,,1896742,,,,,,,,,,,,,,,,,,,,,,,,,,,,,,,,,,,,,,,,,,,,,,,,,,,,,,,,,,,,,,,,,,,,,,,,,,,,,,,,,,,,,,,,,,,,,,
Dragan_Bakema,,Koninkrijk der Nederlanden,nm0048182,1980-05-12T00:00:00Z,,Dragan,schrijver;acteur;filmproducent;scenarioschrijver;televisieacteur;uitvoerend kunstenaar;gymnast,Appelscha,mannelijk,78906,,,,http://commons.wikimedia.org/wiki/Special:FilePath/Dragan%20Bakema%20IFFR-1.jpg,,,/m/0bdt8yp,mens,,Dragan Bakema,,,oeuvre auteursrechtelijk beschermd,,,,,,,232422424,,viaf-232422424,,,0000 0003 6613 0994,,,271253452,,,,,,,,,1020040467,,,,,,,,,,,1918351,,,,xx0184909,,,,,567f4617227746769a1f3996d688558d,1020040467,,,,,,,,,,,,Nederlands,,,,,,,,,,,turnen,,,,,,,,,,,,,,,,,,,,,,,,,,,,,,,,,,,,,,,,,,,,,,,,,,,,,,,,,,,,,
Annelies_Balhan,,Koninkrijk der Nederlanden,nm0050179,1948-05-27T00:00:00Z,,Annelies,acteur,,vrouwelijk,79433,,,,,,,,mens,,,,,,,,,,,,,,,,,,1059374,,,,,,,,,,,,,,,,,,,,,,,,,,,,,,,,,,,,,,,,,,,,,,,,,,,,,,,,,,,,,,,,,,,,,,,,,,,,,,,,,,,,,,,,,,,,,,,,,,,,,,,,,,,,,,,,,,,,
Piet_Bambergen,,Koninkrijk der Nederlanden,nm0051408,1931-03-03T00:00:00Z,,Piet,acteur,,mannelijk,79535,,,1948-01-01T00:00:00Z,http://commons.wikimedia.org/wiki/Special:FilePath/Piet%20Bambergen%20%281971%29.jpg,,,,mens,,Piet Bambergen,,,,,1996-06-15T00:00:00Z,,,,,285289081,,viaf-285289081,,,0000 0003 9148 0128,,,070661006,M00000048883,,,,,,,,,,,,,,,,,,,,,,,,,,,,,,,,,,,,,,,,,,,,,,,,,,,,,,,,,,,,,,,,,,,,,,,,,,,,,,,,,,,,,,,,,,,,,,,,,,,,,,,,,,,,,,,,,
Abdullah_El_Baoudi,,Koninkrijk der Nederlanden,nm2186187,1986-11-04T00:00:00Z,,Abdullah,televisieacteur;filmacteur,Agadir,mannelijk,79639,,,,,,423814,/m/0lywdhj,mens,,,,,,Agadir,2012-04-11T00:00:00Z,,,,,,,,,,,1421382,653678,,,,,,,,,,,,,,,,,,,,,,,,,,,,,60430,,,,,,,,,,,,,,,,,,,,,,,,,,,,,,,,,,,,,,,,,,,,,,,,,,,,,,,,,,,,,,,,,,,,,,,,,,,,,,,,,,,,,,
Edda_Barends,,Koninkrijk der Nederlanden,nm0054441,1942-04-07T00:00:00Z,,Edda,acteur,Amsterdam,vrouwelijk,79728,,,1967-01-01T00:00:00Z,http://commons.wikimedia.org/wiki/Special:FilePath/Edda%20Barends.png,Barends,414051,/m/0b69mtb,mens,,,,,,,,,,,,87339427,,lccn-no2002032569,,,0000 0000 6099 0668,165160,,07413096X,,,,p3911,,,,,,,no2002032569,,,,,,,,,,,,,,,,,,,,,,,,,,https://filmwiki.nl/Edda_Barends,,,,,,,,,,,,,,,,,XX1605171,,,,,,,,,,,,,,,,,,,,,,,,,,,,,,,,,,,,,,,,,,,,,,,,,,,,,,,,,,,,
Annette_Barlo,http://www.annettebarlo.nl/,Koninkrijk der Nederlanden,nm0055190,1974-11-08T00:00:00Z,,Annette,acteur;televisieacteur;televisiepresentator;presentator,Bunnik,vrouwelijk,79984,,,1987-01-01T00:00:00Z,http://commons.wikimedia.org/wiki/Special:FilePath/Annette%20Barlo.jpg,,408165,,mens,,Annette Barlo,,,,,,,,,,,,,,,,1667115,,,,,,,,,,,,,,,,,,,,,,,,,,,,,,,,,,,,,,/g/121jcgkm,,,,,,,,,,,,,,,,,,,,,,,,,,,,,,,,,,,,,,,,,,,,,,,,,,,,,,,,,,,,,,,,,,,,,,,,,,,,,,
Wim_Bary,,Koninkrijk der Nederlanden,nm0059503,1929-01-13T00:00:00Z,,Wim,acteur;toneelregisseur,Leeuwarden,mannelijk,80218,,,,http://commons.wikimedia.org/wiki/Special:FilePath/Wim%20Bary%201980.jpg,Bary,,/m/0kdt772,mens,,Wim Bary,,,,,2010-11-07T00:00:00Z,,,,,31180114,,lccn-n91098835,,,0000 0000 3315 1340,831629,,073688592,,,,,,,,,,,n91098835,,,,,,,,,,,,,,,,,,,,,,,,,,,,,,,,,,,,,,,,,,,,,,,,,,,,,,,,,,,,,,,,,,,,,,,,,,,,,,,,,,,,,,,,,,,,,,,,,,,,,,,
Ad_Bastiaanse,,,,,,,,,,,,,,,,,,,,,,,,,,,,,,,,,,,,,,,,,,,,,,,,,,,,,,,,,,,,,,,,,,,,,,,,,,,,,,,,,,,,,,,,,,,,,,,,,,,,,,,,,,,,,,,,,,,,,,,,,,,,,,,,,,,,,,,,,,,,,,,,,,,,,,,,
Frans_Bauer,http://www.fransbauer.nl,Koninkrijk der Nederlanden,nm1467902,1973-12-30T00:00:00Z,,Frans,zanger;televisiepresentator;presentator,Roosendaal,mannelijk,77264,,,1994-01-01T00:00:00Z,http://commons.wikimedia.org/wiki/Special:FilePath/Fransbauer.jpg,Bauer,403775,/m/01pp5l0,mens,,Frans Bauer,,,,,,,,16d62c7f-e1d6-4f94-9b44-dfb531f59b4a,frans_bauer,33191083,agent/base/93911,lccn-no2008085824,stem,,0000 0000 5547 065X,,,163077258,M00000019647,,,,,,,,133550540,populaire-muziek/frans-bauer,no2008085824,,433630,popmuziek;levenslied,frans-bauer,mn0001733489,Zilveren Harp;Ridder in de Orde van Oranje-Nassau;Gouden Harp,,,,,456029,,,,,,,,,,,,,,,,,,,,Nederlands;Duits,,,,,,,,,,,,,362521,Frans-bauer,Frans-Bauer,,,,,,,,,,,,,,,,,,,,,,,,,,,,,,,,,,,,,,,,,,,,,,,,,,,,,,,,,
Tom_van_Beek,,Koninkrijk der Nederlanden,nm0066390,1931-12-26T00:00:00Z,,Tom,schrijver;acteur,Maastricht,mannelijk,80649,,,,http://commons.wikimedia.org/wiki/Special:FilePath/Tom%20van%20Beek.png,Van Beek,431209,,mens,,Tom van Beek,,,oeuvre auteursrechtelijk beschermd,Amsterdam,2002-01-20T00:00:00Z,,,,,289165662,,viaf-289165662,,,0000 0003 9461 6713,,,070333750,M00000520394,,,,,,,,1100739157,,,,,,,,,,,,,,,,,75685,,,,1100739157,,,,,,,,,beek072,,,Nederlands,,,,,,,,,,,,,,,,,,,,,,,,,,,,,,,,,,,,,,,,,,,,,,,,,,,,,,,,,,,,,,,,,,,,,,,,
Menno_van_Beekum,,Koninkrijk der Nederlanden,nm0885673,1955-12-10T00:00:00Z,,Menno,schrijver;acteur,Den Haag,mannelijk,80951;80694,,,1985-01-01T00:00:00Z,,,424307,,mens,,,,,oeuvre auteursrechtelijk beschermd,,,,,,,18886396,,lccn-n93001278,,,0000 0000 4296 6832,,,097647470,,,,,,,,,,,n93001278,,,,,,,,,,,,,,,,,,,,,,,,,,,,beek011,,,Nederlands,,,,,,,,,,,,,,,,293480,397455,,,,,,,,,,,,,,,,,,,,,,,,,,,,,,,,,,,,,,,,,,,,,,,,,,,,,,,
Loek_Beernink,http://www.loekbeernink.com/,Koninkrijk der Nederlanden,nm2438140,1986-03-06T00:00:00Z,,Loek,acteur;zanger,Aalten,vrouwelijk,,,,2006-01-01T00:00:00Z,http://commons.wikimedia.org/wiki/Special:FilePath/Loek-beernink%20%28cropped%29.jpg,,97009,/m/0jxpmmd,mens,,Loek Beernink,,,,,,,,,,290617289,,viaf-290617289,stem,,0000 0003 9581 8245,,,304205931,,,,,,,,,,,,,,popmuziek,,,,,,,,,,,,,,,,,,,,,,,,,,,,,,,,,,,,,,,,,,,,,,,,,,,,,,,,,,,,,,,,,,,,,,,,,,,,,,,,,,,,,,,,,,,,,,,,,,,,
Hans_Beijer,,Koninkrijk der Nederlanden,nm0067186,1948-05-11T00:00:00Z,,Hans,acteur,,mannelijk,,,,1976-01-01T00:00:00Z,,Beijer,,,mens,,,,,,,,,,,,,,,,191301,,281928,,,,,,,,,,,,,,,,,,,,,,,,,,,,,,,,,,,,,,,,,,,,,,,,,,,,,,,,,,,,,,,,,,,,,,,,,,,,,,,,,,,,,,,,,,,,,,,,,,,,,,,,,,,,,,,,,,,,
Fred_Benavente,,Koninkrijk der Nederlanden,nm0070250,1926-11-24T00:00:00Z,,Fred,schrijver;televisieregisseur;programmamaker,,mannelijk,81153,,,,http://commons.wikimedia.org/wiki/Special:FilePath/FredBenavente.jpg,Benavente,431891,,mens,,Fred Benavente,,,,,2005-12-02T00:00:00Z,,,,,286165635,,viaf-286165635,,,0000 0001 3072 2723,832204,,070026556,M00000392827,,,,,,,,,,,,,,,,,,,,,,,,,,,,,,,,,,,,,,,,,Nederlands,,,,,,,,,,,,,,,,,,,,,,,,,,,,,,,,,,,,,,,,,,,,,,,,,,,,,,,,,,,,,,,,,,,,,,,,
Han_Bentz_van_den_Berg,,Koninkrijk der Nederlanden,nm0073772,1917-10-12T00:00:00Z,,Han,acteur;toneelregisseur,Blaricum,mannelijk,81347,,,,http://commons.wikimedia.org/wiki/Special:FilePath/Ahasverus%20en%20de%20Nazarener%20-%20Han%20Bentz%20van%20den%20Berg%202.png,van den Berg,,,mens,Roel Bentz van den Berg,Han Bentz van den Berg,,,,Drachten,1976-07-03T00:00:00Z,,,0de80f1f-aa4f-4e56-98e3-9e1dad57596a,,250894121,,lccn-n2012040358,,,0000 0003 7133 3147,,,091204194,M00000483131,,,,natuurlijke dood,bloedvergiftiging,,Mieke van Oorschot;Lous Hensen,,,n2012040358,,,,,,Louis d'Or,,,,,,,,,,,,,,,,,,,,,,bent054,,,,,,,,,,,,,,,,,,,,,90529393,bwn6/bentz,,,,,,,,,,,,,,,,,,,,,,,,,,,,,,,,,,,,,,,,,,,,,,,,,,,,,
Lily_van_den_Bergh,,,,,,,,,,,,,,,,,,,,,,,,,,,,,,,,,,,,,,,,,,,,,,,,,,,,,,,,,,,,,,,,,,,,,,,,,,,,,,,,,,,,,,,,,,,,,,,,,,,,,,,,,,,,,,,,,,,,,,,,,,,,,,,,,,,,,,,,,,,,,,,,,,,,,,,,
Jos_Bergman,,Koninkrijk der Nederlanden,nm0074809,1940-04-24T00:00:00Z,,Jos,kunstschilder;acteur,Haarlem,mannelijk,81705,,,,http://commons.wikimedia.org/wiki/Special:FilePath/Floris1968Sindala2.jpg,Bergman,,,mens,,Jos Bergman,,,,,,,,,,,,,,189722,,184935,418700,,,,,p258766,,,,,,,,,,,,,,,,,,,,,,,,,,,,,,,,,,,,7225,,,,,,,,,,,,,,,,,,,,,,,,,,,,,,,,,,,,,,,,,,,,,,,,,,,,,,,,,,,,,,,,,,,,,,,,,,
Sunny_Bergman,http://www.sunnybergman.nl,Koninkrijk der Nederlanden,nm0074864,1972-10-19T00:00:00Z,,Sunny,acteur;filosoof;journalist;filmregisseur;programmamaker,Amsterdam,vrouwelijk,81709,,,1987-01-01T00:00:00Z,http://commons.wikimedia.org/wiki/Special:FilePath/Sunny%20Bergman-1.jpg,Bergman,,,mens,,Sunny Bergman,Sunny Nell Rosa Bergman,,oeuvre auteursrechtelijk beschermd,,,,,,,308193546,,,,,,,,,,,16470,p413380,,,,,1050052013,,,,,,,,Zilveren Nipkowschijf,,,,,,,,,,,,,,,,,,,,,,,,,,,,,,,,,,,,,,,,,,,,,Amnesty International Edit-a-thon,Beperkt houdbaar,,,,,,,,,,,,,,,,,,,,,,,,,,,,,,,,,,,,,,,,,,,,,,,,,,,
Marjan_Berk,,Koninkrijk der Nederlanden,nm0075275,1932-07-11T00:00:00Z,,Marjan,schrijver;acteur;scenarioschrijver,Zeist,vrouwelijk,81765,,,,http://commons.wikimedia.org/wiki/Special:FilePath/Marjan%20Berk.jpg,Berk,,/m/0kg0p1t,mens,,Marjan Berk,,,,,,,,,,92203233,,lccn-n88032386,,,0000 0001 1686 0476,,,074236962,,,,,,,,,122193008,,n88032386,,706892,,,,,,,,,,,,,,,,,,,,,,,,,,berk001,,marjan-berk,Nederlands,Iedereen Leest,,Iedereen Leest,,,,,,,,,,,,,,,,,,,n2003094035,Nederlands,242369,90579210,,,,,,,,,,,,,,,,,,,,,,,,,,,,,,,,,,,,,,,,,,,,,,,
Yoka_Berretty,,Koninkrijk der Nederlanden,nm0077334,1928-05-08T00:00:00Z,,Johanna,acteur;zanger;filmacteur,Rotterdam,vrouwelijk,81936,,,1954-01-01T00:00:00Z,http://commons.wikimedia.org/wiki/Special:FilePath/Yoka%20Berretty.jpg,,441427,/m/0x1yssr,mens,,Yoka Berretty,Johanna Ernstina Petrusa Meijeringh,,,Amsterdam,2015-11-28T00:00:00Z,,,12dfad33-dbf4-4a28-9af5-94f2fa2396c5,,288306769,,lccn-no2009149999,piano,,0000 0003 9397 3372,349970,,227563824,,,,,ongeval,vallen,,Dominique Berretty,1061726843,,no2009149999,,4688338,,,,,,Yoka Berretty,,,,,,,135329,,,62c2680543fe4b93a7dab3fb3020bb61,1061726843,,,,,,,,,,,,,1001 vrouwen in de 20ste eeuw,,,,,,,,,,,,,,,,,04206792,,,,,,,,Rijksakademie van beeldende kunsten;Rotterdams Conservatorium,155540060,Meijeringh,Marceau Marcel,,,,,,,,,,,,,,,,,,,,,,,,,,,,,,,,,,,,,,,,,,,
Charlotte_Besijn,,Koninkrijk der Nederlanden,nm0078668,1962-07-25T00:00:00Z,,Charlotte,acteur,Rotterdam,vrouwelijk,,,,1979-01-01T00:00:00Z,,,,/m/0bh2_wm,mens,,,,,,,,,,,,,,,,,,,,,,,,,,,,,,,,,,,,,,,,,,,,,,,,,,,,,,,,,,,,,,,,,,,,,,,,,,,,,,,,,,,,,,,,,,,,,,,,,,,,,,,,,,,,,,,,,,,,,,,,,,,,,,,,,,,,,,
Anneke_Beukman,http://www.annekebeukman.com/,Koninkrijk der Nederlanden,nm0079565,1968-09-17T00:00:00Z,,Anneke,televisieacteur,,vrouwelijk,,,,,http://commons.wikimedia.org/wiki/Special:FilePath/Anneke%20Beukman.jpg,,,,mens,,,,,,,,,,,,,,,,,,784762,,,,,,,,,,,,,,,,,,,,,,,,,,,,,,,,,,,,,,,,,,,,,,,,,,,,,,,,,,,,,,,,,,,,,,,,,,,,,,,,,,,,,,,,,,,,,,,,,,,,,,,,,,,,,,,,,,,,
Marjolein_Beumer,,Koninkrijk der Nederlanden,nm0079582,1966-10-27T00:00:00Z,,Marjolein,schrijver;acteur;scenarioschrijver;televisieacteur;filmacteur,Amstelveen,vrouwelijk,82189,,,1992-01-01T00:00:00Z,,Beumer,421646,/m/0fc4bn,mens,,,,,oeuvre auteursrechtelijk beschermd,,,,,,,91034652,,lccn-n2009042060,,402227,,268581,567889,073379123,,,,p762568,,,,Rik Launspach,,,,,,,,,,,,,,,,,,,,,,,,,,,,,,,,,,Nederlands,,,,,,,,,,,,,,,,,,,,,,,,,,,,,,Famke Janssen;Antoinette Beumer,,,,,,,,,,,,,,,,,,,,,,,,,,,,,,,,,,,,,,,,,,
Wim_de_Bie,,Koninkrijk der Nederlanden,nm1480930,1939-05-17T00:00:00Z,216313,Wim,schrijver;acteur;zanger;cabaretier,Den Haag,mannelijk,79168,,wimdebie,,http://commons.wikimedia.org/wiki/Special:FilePath/Wim-de-bie-2.jpg,,,/m/01vqv_x,mens,,Wim de Bie,,,,,,,,ddaeee28-c56e-4c93-8aaa-98d5d03c279c,,120750450,,lccn-n90681259,stem,,0000 0001 2037 4040,1417366,,070964769,M00000004277,,34903,,,,,,,,n90681259,,463095,,,,Zilveren Nipkowschijf;Henriette Roland Holst-prijs,,,,,,,,,,,,,,,151599572,,16174614x,,,,,bie_003,,,Nederlands,,,,,,,,,,,,,,,,,,,,,,n2010116733,,273854,,,,,,,2020-01-01T00:00:00Z,b/bie_wim_de,Van Kooten en De Bie,,,,,,,,,,,,,,,,,,,,,,,,,,,,,,,,,,,,,,,
Ronny_Bierman,,Koninkrijk der Nederlanden,nm0081592,1938-07-12T00:00:00Z,,Ronnie,acteur;zanger;filmacteur,Amsterdam,vrouwelijk,79235;79234,,,1964-01-01T00:00:00Z,http://commons.wikimedia.org/wiki/Special:FilePath/Ronny%20Bierman.png,,433214,/m/02q_jzt,mens,,Ronny Bierman,,,,Amsterdam,1984-02-03T00:00:00Z,,,5ad159a5-29a3-485a-afc7-9d3ebbe5373a,,7638577,,lccn-no2009110382,stem,,0000 0000 6301 366X,,,071114637,M00000212672,,,,,,,,,,no2009110382,,2649124,,,,,,,,,,,,,,,,,,,087967642,,14607368w,,,,,,,,Nederlands,1001 vrouwen in de 20ste eeuw,,,,,,,,,,,XX1288728,,,,,,27772939,,,,,,,,,,Bierman,,,,,,,,,,,,,,,,,,,,,,,,,,,,,,,,,,,,,,,,,,,,
Martine_Bijl,,Koninkrijk der Nederlanden,nm0082024,1948-03-19T00:00:00Z,,Martine,schrijver;zanger;televisieacteur;vertaler;televisiepresentator;presentator;cabaretier,Amsterdam,vrouwelijk,79335,,,1965-01-01T00:00:00Z,http://commons.wikimedia.org/wiki/Special:FilePath/Martine%20Bijl%203.png,Bijl,422758,/m/01w0nkq,mens,,Martine Bijl,Martine Catherina Maria Bijl,,oeuvre auteursrechtelijk beschermd,Maarssen,2019-05-30T00:00:00Z,,,da68f29f-2933-4429-958f-b789131eac70,,207306776,,lccn-no2015039439,stem,,0000 0003 5843 1025,,,069102996,M00000062748,,,,,,,,1016556039,,no2015039439,,,,martine-bijl,,Nationale Scheveningen Cabaretprijs;Gouden Televizier-Ring;Johan Kaartprijs;Gouden Harp,,,,,,,,,,,,,,,148249191,,,,,,,bijl059,,,Nederlands,,,,,,,,,,,,,,,,,,,,,,,,,,,,,,,,,,,,,,,,,,,,,,,,,,,,,,,,,,,,,,,,,,,,,,,,
Jaap_Binnerts,,,,,,,,,,,,,,,,,,,,,,,,,,,,,,,,,,,,,,,,,,,,,,,,,,,,,,,,,,,,,,,,,,,,,,,,,,,,,,,,,,,,,,,,,,,,,,,,,,,,,,,,,,,,,,,,,,,,,,,,,,,,,,,,,,,,,,,,,,,,,,,,,,,,,,,,
Jan_Blaaser,,Koninkrijk der Nederlanden,nm0085104,1922-06-17T00:00:00Z;1922-07-17T00:00:00Z,,Jan,acteur;cabaretier,Amsterdam,mannelijk,82377,,,,http://commons.wikimedia.org/wiki/Special:FilePath/Jan%20Blaaser.png,,431823,,mens,,Jan Blaaser,Jan Dirk Blaaser,,,Lelystad,1988-03-28T00:00:00Z,,,,,284634725,,viaf-284634725,,,0000 0001 3362 8070,181055,,067826679,M00000076574,,,p123951,,,,,,,,,917822,,,,,,,,,,,,,,,,,,,,,,,,,,,,,,,,,,,,,,,,,,,,,,,,,,,,,,,,,,,,,,,,,,,,,,,,,,,,,,,,,,,,,,,,,,,,,,,,,,,,,
Rosmarie_Blaauboer,,,,,,,,,,,,,,,,,,,,,,,,,,,,,,,,,,,,,,,,,,,,,,,,,,,,,,,,,,,,,,,,,,,,,,,,,,,,,,,,,,,,,,,,,,,,,,,,,,,,,,,,,,,,,,,,,,,,,,,,,,,,,,,,,,,,,,,,,,,,,,,,,,,,,,,,
Alexandra_Blaauw,,Koninkrijk der Nederlanden,nm0085105,1962-09-13T00:00:00Z,,Alexandra,acteur,,vrouwelijk,82379,,,,,,431356,,mens,,,,,,,,,,,,,,,,,,,,,,,,,,,,,,,,,,,,,,,,,,,,,,,,,,,,,,,,,,,,,,,,,,,,,,,,,,,,,,,,,,,,,,,,,,,,,,,,,,,,,,,,,,,,,,,,,,,,,,,,,,,,,,,,,,,,,,
Karin_Bloemen,http://www.labloemen.nl,Koninkrijk der Nederlanden,nm0088812,1960-06-28T00:00:00Z,,Karin,zanger;televisieacteur;cabaretier,Alkmaar,vrouwelijk,82960,,,1983-01-01T00:00:00Z,http://commons.wikimedia.org/wiki/Special:FilePath/Karin-bloemen-1337341344.jpg,Bloemen,431339,/m/01qndnp,mens,,Karin Bloemen,,,,,,,,e893c7b0-9861-4593-9ec7-ee43503bd821,karin_bloemen,285305690,,viaf-285305690,stem,,0000 0003 6895 4348,295899,,101115334,,,,p132371,,,,Marnix Busstra,,,,,295853,,,,Gouden Harp;Annie M.G. Schmidt-prijs,,,,,342187,,,,,,,,,,,,,,,,,,,,,,,,,,,,,,,,,452827,Karin-bloemen,,,,,,,,n2013056023,,,,,,,,,,,,,,,,,,,,,,,,,,,,,,,,,,,,,,,,,,,,,,,,,,
Anneke_Blok,,Koninkrijk der Nederlanden,nm0088845,1959-12-24T00:00:00Z,,Anneke,acteur;filmacteur,Rheden,vrouwelijk,82993,,,1989-01-01T00:00:00Z,http://commons.wikimedia.org/wiki/Special:FilePath/Anneke%20Blok%20%282007%29.jpg,Blok,5101,,mens,,Anneke Blok,,,,,,,,,,168265888,,lccn-no2011148289,,9074,0000 0001 1532 2166,244797,176940,,,,,p215042,,,,,1061633292,,no2011148289,,,,,,Colombina;Gouden Kalf voor beste actrice;Theo d'Or,,,1894085,,,,,,,1238315,,4f3f6241128043aea0ddbaa98d3c22d9,1061633292,33801,,,16261352w,203778,/g/121sl6bz,,,,,,,,,,,,,,,,,,,,,,,,,,,,,,,,,,,,Marnie Blok,,,,,,,,,,,,,,,,,,,,,,,,,,,,,,,,,,,,,,,,,,
Hetty_Blok,,Koninkrijk der Nederlanden,nm0088853,1920-01-06T00:00:00Z,,Hetty,acteur;toneelregisseur;zanger;cabaretier;filmacteur,Arnhem,vrouwelijk,83005,,,1945-01-01T00:00:00Z,http://commons.wikimedia.org/wiki/Special:FilePath/Hetty%20Blok%202011.jpg;http://commons.wikimedia.org/wiki/Special:FilePath/Hetty%20Blok%2C%20Bestanddeelnr%20925-8443.jpg;http://commons.wikimedia.org/wiki/Special:FilePath/Ja%20zuster%2C%20nee%20zuster%20-%20Hetty%20Blok%207.png,Blok,432428,/m/0nd4q_q,mens,,Hetty Blok,,,,Amsterdam,2012-11-06T00:00:00Z,,,723a3da1-d4c0-44a8-b3ed-49995320dca5,,288124151,,viaf-288124151,stem,,,,,070988498,M00000024372,,,p731771,,,,,,,,,431652,,,,,,,,,,,,,,,,,,,,,,,,,,blok059,,,,1001 vrouwen in de 20ste eeuw,,,,,,,,,,,,,,,,,,,,"Ja zuster, nee zuster",,,,,,,Blok,,,,,,,,,,,,,,,,,,,,,,,,,,,,,,,,,,,,,,,,,,,,
Marnie_Blok,,Koninkrijk der Nederlanden,nm0088858,1962-01-01T00:00:00Z;1962-05-23T00:00:00Z,,Marnie,acteur;scenarioschrijver,Den Haag,vrouwelijk,83012,,,1989-01-01T00:00:00Z,,Blok,93906,/m/0gfplg6,mens,,,,,oeuvre auteursrechtelijk beschermd,,,,,,,282270644,,lccn-nb2012025780,,482161,0000 0001 3319 7389,475140,553545,166190233,,,,p237256,,,,,1030334668,,nb2012025780,,,,,,ANV-Visser Neerlandia-prijs voor Drama,,,,,,,,,409508,,,28e72c93abb5468d8ab0720e2cd8c783,1030334668,,,,,211938,,,,,,,,,,,,,,,,,,,,,,,,,,,,,,,,,,,,,Anneke Blok,,,,,,,,,,,,,,,,,,,,,,,,,,,,,,,,,,,,,,,,,,
IJf_Blokker,,Koninkrijk der Nederlanden,nm0088872,1930-09-02T00:00:00Z,,,schrijver;acteur;zanger;televisieacteur;televisiepresentator;drummer;presentator,Den Helder,mannelijk,83034,,,1972-01-01T00:00:00Z,http://commons.wikimedia.org/wiki/Special:FilePath/Opnamen%20Barend%20Servet%20TV-show%2C%20IJf%20Blokker%20%28kop%29%2C%20Bestanddeelnr%20926-2407.jpg,Blokker,415577,/m/01vzg_g,mens,,IJf Blokker,,,,,,,,bc616e1d-9189-4253-a5bc-4b91e7f5b9f4,,284842084,,viaf-284842084,,,0000 0001 3073 1515,,,071557431,,,,,,,,,,,,,,,,,,,,,,,,,,,,,,,,,,,,,,,,9176,,,,,,,,,,,,,,,,,,,,,,,,,,,,,,,,,,b/blokker_ijf,,,,,,,,,,,,,,,,,,,,,,,,,,,,,,,,,,,,,,,,
Jacqueline_Blom,,Koninkrijk der Nederlanden,nm0088897,1961-04-16T00:00:00Z,,Jacqueline,acteur;uitvoerend kunstenaar,Oegstgeest,vrouwelijk,83075,,,1988-01-01T00:00:00Z,http://commons.wikimedia.org/wiki/Special:FilePath/Jacqueline%20Blom.jpg,Blom,356162,/m/0kd4k24,mens,,,,,,,,,,,,170684734,,lccn-no2011066971,,493271,0000 0001 2117 0170,243941,173991,,,,,p527926,,,,,,,no2011066971,,,,,,,,,1905416,,,,,,,,41148,,,,,,15089339j,,,,,,,,,,,,,4391952,,,,,,,,,,,,,,,,,,,,,,,,,,,,,1d8fc955-0217-431b-be26-5d8a138ad148,podiumkunsten,,,,,,,,,,,,,,,,,,,,,,,,,,,,,,,,,,,,,
Hein_Boele,,Koninkrijk der Nederlanden,nm0091262,1939-11-24T00:00:00Z,,Hein,acteur;televisieacteur,Zwolle,mannelijk,83363,,,,http://commons.wikimedia.org/wiki/Special:FilePath/Hein%20Boele.png,Boele,408871,/m/0bc7dc,mens,,Hein Boele,,,,,,,,,,,,,,,,,,,,,,,,,,,,,,,,,,,,,,,,,,,,,,,,,,,,,,,,,,,,,,,,,,,,,,,,,,,,,,,,,,,,,,,,,,,,,,,,,,,,,,,,,,,,,,,,,,,,,,,,,,,,,,,,,,,,
Sophia_de_Boer,,Koninkrijk der Nederlanden,nm0207500,1967-05-10T00:00:00Z,,Sophia,televisiepresentator,,vrouwelijk,,,,,,De Boer,,,mens,,,,,,,,,,,,,,,,,,,,,,,,,,,,,,,,,,,,,,,,,,,,,,,,,,,,,,,,,,,,,,,,,,,,,,,,,,,,,,,,,,,,,,,,,,,,,,,,,,,,,,,,,,,,,,,,,,,,,,,,,,,,,,,,,,,,,,
Casper_van_Bohemen,,Koninkrijk der Nederlanden,nm0092021,1964-10-27T00:00:00Z,,Casper,acteur;televisieacteur,Den Haag,mannelijk,83727,,,1991-01-01T00:00:00Z,http://commons.wikimedia.org/wiki/Special:FilePath/Casper%20van%20Bohemen.png,,428107,/m/0w9_5d1,mens,,Casper van Bohemen,,,,,,,,,,,,,,,,,,,,,,,,,,,,,,,,,,,,,,,,,,,,,,,,,,,,,,,,,,,,,,,,,,,,,,,,,,,,,,,,,,,,,,,,,,,,,,,,,,,,,,,,,,,,,,,,,,,,,,,,,,,,,,,,,,,,
Marit_van_Bohemen,,Koninkrijk der Nederlanden,nm0092022,1971-09-16T00:00:00Z,,Marit,acteur;televisieacteur;televisiepresentator;presentator,Wormerveer,vrouwelijk,83729,,,1994-01-01T00:00:00Z,http://commons.wikimedia.org/wiki/Special:FilePath/Marit010%20copy.jpg,,409211,,mens,,Marit van Bohemen,,,,,,,,,,,,,,,,,,,,,,,,,,,,,,,,,,,,,,,,,,,,,,,,,,,,,,/g/1234hkr6,,,,,,,,,,,,,,,,,,,,,,,,,,,,,,,,,,,,,,,,,,,,,,,,,,,,,,,,,,,,,,,,,,,,,,,,,,,,,,
Pierre_Bokma,,Koninkrijk der Nederlanden,nm0092592,1955-12-20T00:00:00Z,,Pierre,televisieacteur;uitvoerend kunstenaar;filmacteur,Parijs,mannelijk,83803,,,1983-01-01T00:00:00Z,http://commons.wikimedia.org/wiki/Special:FilePath/Pierre%20Bokma%20%282018%29.jpg,Bokma,60271,/m/0270bqy,mens,,Pierre Bokma,,,,,,,,,,7721752,,lccn-no2009164864,,,0000 0000 8354 6586,,,120982013,,,,p7092,,,,,142449806,,no2009164864,,,,,,Emmy Award;Paul Steenbergen-penning;Louis d'Or;Arlecchino;Gouden Kalf voor beste acteur;Gouden Kalf speciale juryprijs;Gouden Kalf voor beste acteur in televisiedrama,4,,1903324,,,,pna2014811813,,,,,,142449806,,,,158668720,,,,,,,,,,,,,,,,,,,,XX1796299,,,,,,,,,,,,,,Toneelacademie Maastricht,,,,,,,,,,,,,,,,,,,,,,,,,,,,,,,,,,,,,,,,,,,,,,
Filip_Bolluyt,,Koninkrijk der Nederlanden,nm0093199,1953-12-16T00:00:00Z,,Filip,acteur;televisieacteur;filmacteur,Breda,mannelijk,83892,,,1977-01-01T00:00:00Z,http://commons.wikimedia.org/wiki/Special:FilePath/Filip%20Bolluyt.png,,403428,,mens,,Filip Bolluyt,,,,,,,,,,,,,,,,,,,,,,,,,,,,,,,,,,,,,,,,,,,,,,,,,,,,,,/g/1232pl3w,,,,,,,,,,,,,,,,,,,,,,,,,,,,,,,,,,,,,,,,,,,,,,,,,,,,,,,,,,,,,,,,,,,,,,,,,,,,,,
Arthur_Boni,,,,,,,,,,,,,,,,,,,,,,,,,,,,,,,,,,,,,,,,,,,,,,,,,,,,,,,,,,,,,,,,,,,,,,,,,,,,,,,,,,,,,,,,,,,,,,,,,,,,,,,,,,,,,,,,,,,,,,,,,,,,,,,,,,,,,,,,,,,,,,,,,,,,,,,,
Arie_Boomsma,http://www.arieboomsma.nl,Koninkrijk der Nederlanden,,1974-01-18T00:00:00Z,79887,Arie,schrijver;model;televisiepresentator;presentator,,mannelijk,84239,,arieboomsma,,http://commons.wikimedia.org/wiki/Special:FilePath/Feest%20der%20Letteren%202015-02-28%20006.jpg,,,,mens,,Arie Boomsma,,,,,,,,,,170557929,,lccn-n2011068473,,,0000 0001 1962 5324,,,290818346,,,,,,,,,,,n2011068473,,,,,,,,,,,,,,,,,,,,,,,,,,,,,,,Nederlands,,,,,,,,,,,,,,,,,,,,,,,,,,,,,,,,,De Wereld Draait Door,,,,,,,,,,,,,,,,,,,,,,,,,,,,,,,,,,,,,,,
Corine_Boon,http://www.corineboon.nl/,Koninkrijk der Nederlanden,nm3349188,1964-04-23T00:00:00Z,,Corine,acteur;televisieacteur;televisiepresentator;presentator,Krommenie,vrouwelijk,252215,,,,,Boon,409131,/m/0gb_6jk,mens,,,,,,,,,,,,286063499,,viaf-286063499,,,0000 0003 9209 1423,,,308118227,,,,,,,,,,,,,,,,,,,,,,,,,,,,,,,,,,,,,,,,,,,,,,,,,,,,,,,,,,,,,,,,,,,,,,,,,,,,,,,,,,,,,,,,,,,,,,,,,,,,,,,,,,,,,,,,,,
Kees_Boot,,Koninkrijk der Nederlanden,nm0095614,1970-03-26T00:00:00Z,,Kees,acteur;zanger;televisieacteur;filmacteur,Dronten,mannelijk,84351,,,1995-01-01T00:00:00Z,http://commons.wikimedia.org/wiki/Special:FilePath/Kees-boot-1301587097.jpg,Boot,,,mens,,Kees Boot,,,,,,,,,,115146708113900841013,,viaf-115146708113900841013,,,,,,,,,,,,,,,,,,,,,,,Arlecchino,,,1893048,,,,,,,,,,,,,,,,/g/1230jxz8,https://filmwiki.nl/Kees_Boot,,,,,,,,,,,,,,,,,,,,,,,,,,,,,,,,,,,,,,,,,,,,,,,,,,,,,,,,,,,,,,,,,,,,,,,,,,,,,
Leontine_Borsato,http://leontineborsato.nl/,Koninkrijk der Nederlanden,nm0749565,1967-12-10T00:00:00Z,,Leontine,acteur;televisiepresentator,Naarden,vrouwelijk,84557;148293,leontineborsato,,,http://commons.wikimedia.org/wiki/Special:FilePath/Leontine%20Borsato.jpg,Borsato,403595,/m/01wdw05,mens,Senna Borsato;Jada Borsato;Luca Borsato,Leontine Borsato,,,,,,,,e737a9af-c515-4d16-a6ed-31619e6b726e,,171976623,,viaf-171976623,,,0000 0001 2087 8978,,,293054932,,,,,,,,Marco Borsato,,,,,,,,,,,,,,,,,,,,,,,,,,,,,,,,,,,,,,,,,,,,,,,,,,,,,,,,,,,,,,,,,,,,,,http://commons.wikimedia.org/wiki/Special:FilePath/Nl-Leontine%20Borsato-article.ogg,,,,,,,,,,,,,,,,,,,,,,,,,,,,,,,,,,,,
Burny_Bos,,Koninkrijk der Nederlanden,nm0097674,1944-04-08T00:00:00Z,,Burny,schrijver;filmproducent;scenarioschrijver;televisiepresentator;presentator;jeugdauteur,Haarlem;Arnhem,mannelijk,84615,,,,http://commons.wikimedia.org/wiki/Special:FilePath/Burny%20Bos.png,Bos,,/m/05w0dd6,mens,Tamara Bos,Burny Bos,,,,,,,,,,37084785,,lccn-n88243777,,204114,0000 0001 2128 3415,237167,175494,06922577X,,,,p233354,,,,,120313375,,n88243777,,,,,,Zilveren Reissmicrofoon;Kiddo Leespluim;Eervolle vermelding radio;Omroepman/vrouw van het Jaar,,,1899946,,,,xx0012519,11451747,313756,979171,42529,1283ce4686fa450dbe7ca1e706bd3de9,120313375,,053448790,,13574549k,167664,,,,bos_022,10896,burny-bos,Nederlands,Iedereen Leest,Nederlands,Iedereen Leest,,,,,,,,,XX961973,,,,,,,,,,,,257678,90355371,,,,,,,,,,,,KAC200602160,BosBurny1944-,00463549,112895,,,,,,,,,,,,,,,,,,,,,,,,,,,,,,,,
Freerk_Bos,,Koninkrijk der Nederlanden,nm0097684,1965-12-15T00:00:00Z,,Freerk,acteur,Drenthe,mannelijk,84627,,,1992-01-01T00:00:00Z,,Bos,422402,,mens,,,,,,,,,,,,,,,,,,,,,,,,,,,,,,,,,,,,,,,,,,,,,,,,,,,,,,,,/g/121thty7,,,,,,,,,,,,,,,,,,,,,,,,,,,,,,,,,,,,,,,,,,,,,,,,,,,,,,,,,,,,,,,,,,,,,,,,,,,,,,
Peter_Bos,,Koninkrijk der Nederlanden,nm0097695,1950-06-20T00:00:00Z,,Peter,acteur;filmacteur,Amsterdam,mannelijk,84659,,,,http://commons.wikimedia.org/wiki/Special:FilePath/De%20Zevensprong%20-%20Peter%20Bos.png,Bos,,/m/0h67p5x,mens,,Peter Bos,,,,,,,,,,161173158,,viaf-161173158,,,,,,,,,,,,,,,143178652,,,,,,,,,,,,,,,,,,,,,,,,,,,,,,,,,,,,,,,,,,,,,,,,,,,,,,,,,,,,,,,,,,,,,,,,,,,,,,,,,,,,,,,,,,,,,,,,,,,,,,,,,
Hans_Boskamp,,Koninkrijk der Nederlanden,nm0097971,1932-05-07T00:00:00Z,,Johan;Hans;Gerardus;Hendricus,voetballer;toneelacteur;filmacteur,Rotterdam,mannelijk,,,,,http://commons.wikimedia.org/wiki/Special:FilePath/Edisons%20klassiek%201970%20zijn%20uitgereikt%20in%20Concertgebouw%2C%20Amsterdam%20Hans%20Boskamp%2C%20Bestanddeelnr%20923-9296.jpg,Hoelscher,,/m/0gj9hgl,mens,,Hans Boskamp,Johan Hendricus Gerardus Hoelscher,,,Dordrecht,2011-03-21T00:00:00Z;2011-03-22T00:00:00Z,,,d97766f8-37e7-4212-8c4f-7d20cdeb5665,,290146734,,lccn-n91111844,,,0000 0001 3078 7869,,,071462724,M00000056187,,,,natuurlijke dood,beroerte,,,,,,,593727,,,,,,Hans Boskamp,,Johan Boskamp,,,,,155093,,,,,,,,,,,,,,,,,,,,,,,,,,,voetbal,,,,,,,,,,,,,,,,,,,,,,,,,,,,,,AFC Ajax;Nederlands voetbalelftal;AFC DWS,151782,Nederland,vleugelverdediger,2377,42959,,,,,,,,,,,,,,,,,,,,,,,,,,
Ron_Boszhard,,Koninkrijk der Nederlanden,nm0098389,1963-11-12T00:00:00Z,,Ron,acteur;zanger;scenarioschrijver;televisiepresentator;presentator,Amsterdam,mannelijk,84888,,,,http://commons.wikimedia.org/wiki/Special:FilePath/Ron-boszhard.jpg,,428934,/m/0r4cvnt,mens,,Ron Boszhard,,,oeuvre auteursrechtelijk beschermd,,,,,,,,,,stem,,,,,,,,,,,,,,,,,,,,,,,,,,,,,,,,,,,,,,,,,,,,,,,Nederlands,,,,,,,,,,,,,,,,,,,,,,,,,,,,,,,,,,,,,,,,,,,,,,,,,,,,,,,,,,,,,,,,,,,,,,,,
Froukje_de_Both,,Koninkrijk der Nederlanden,nm0207539,1972-04-20T00:00:00Z,,Froukje,acteur;televisiepresentator;presentator;radio-dj,Amsterdam,vrouwelijk,84913,,,,http://commons.wikimedia.org/wiki/Special:FilePath/Froukje-de-both-1313402483.jpg,,409130,/m/09slh0y,mens,,,,,,,,,,,,,,,,,,4943,,,,,,,,,,,,,,,,,,,,,,,,,,,,,,,,,,,,,,,,,,,,,,,,,,,,,,,,,,,,,,,,,,,,,,,,,,,,,,,,,,,,,,,,,,,,,,,,,,,,,,,,,,,,,,,,,,,,
Berend_Boudewijn,,Koninkrijk der Nederlanden,nm0099141,1936-06-23T00:00:00Z,,Berend,acteur;televisiepresentator;presentator;televisieregisseur,,mannelijk,85013,,,1960-01-01T00:00:00Z,http://commons.wikimedia.org/wiki/Special:FilePath/Berend%20Boudewijn%20%281990%29.jpg,,,,mens,,Berend Boudewijn,,,,,,,,,,,,,,,,,,,,,,,,,,,,,,,,,,,,,,,Johan van der Woude,,,,,,,,,,,,,,,,,,,,,,,,,,,,,,,,,,,,,,,,,,,,,,,,,,,,,,,,,,,,,,,,,,,,,,,,,,,,,,,,,,,,,,,,,,,,,
Maya_Bouma,,Koninkrijk der Nederlanden,nm0099628,1933-10-17T00:00:00Z,,Maya,acteur,,vrouwelijk,85065,,,,http://commons.wikimedia.org/wiki/Special:FilePath/Mary%20Bouma%20%26%20Ko%20van%20Dijk.png,Bouma,,,mens,,Maya Bouma,,,,,1998-05-18T00:00:00Z,,,,,,,,,,,,,,,,,,,,,,,,,,1352183,,,,,,,,,,,,,,,,,,,,,,,,,,,,,,1001 vrouwen in de 20ste eeuw,,,,,,,,,,,,,,,,,95099615,,,,,,,,,,,,,,,,,,,,,,,,,,,,,,,,,,,,,,,,,,,,,,,,,,,,,,
Sipke_Jan_Bousema,,Koninkrijk der Nederlanden,nm1548281,1976-08-15T00:00:00Z,,Sipke,acteur;televisiepresentator;presentator,Dokkum,mannelijk,85134,,,,http://commons.wikimedia.org/wiki/Special:FilePath/ECZA20161228%200009-1.jpg,,,/m/02rzztt,mens,,Sipke Jan Bousema,,,,,,,,,,,,,,,,,,,,,,,,,,,,,,,,,,,,,,,,,,,,,,,,,,,,,,,,,,,,,,,,,,,,,,,,,,,,,,,,,,,,,,,,,,,,,,,,,,,,,,,,,,,UNICEF goodwill-ambassadeur,,,,,,,,,,,,,,,,,,,,,,,,,
Job_Bovelander,http://jobbovelander.nl/,Koninkrijk der Nederlanden,nm3351669,1990-01-11T00:00:00Z,,Job,acteur;zanger;singer-songwriter,Voorburg,mannelijk,237755,,,,,,,,mens,,,,,oeuvre auteursrechtelijk beschermd,,,,,9c28d6ac-8fe2-4a6e-abbb-fe6f603ee5cc,,,,,stem,,,2475202,,,,,,,,,,,,,,,,,,,,,,,,,,,,,,,,,,,,,,/g/11x7vkdbr,,,,,,,,,,,,,,,,,,,,,,,,,,,,,,,,,,,,,,,,,,,,,,,,,,,,,,,,,,,,,,,,,,,,,,,,,,,,,,
Luc_Boyer,,Koninkrijk der Nederlanden,,1935-01-01T00:00:00Z,,,acteur;regisseur;pantomimespeler;docent,Jakarta,mannelijk,,,,,,,,,mens,,,,,,,,,,,,,,,,,,,,,,,,,,,,,,,,,,,,,,,,,,,,,,,,,,,,,,,,,,,,,,,,,,,,,,,,,,,,,,,,,,,,,,,,,,,,,,,,,,,,,,,,,,,,,,,,,,,,,,,,,,,,,,,,,,,,,,
Marian_Boyer,,Koninkrijk der Nederlanden,nm0102071,1954-02-27T00:00:00Z,,Marian,schrijver;acteur,Amsterdam,vrouwelijk,,,,,http://commons.wikimedia.org/wiki/Special:FilePath/Marian%20Boyer.png,Boyer,423657,,mens,,,,,oeuvre auteursrechtelijk beschermd,Amsterdam,2013-07-16T00:00:00Z,,,,,41199103,,lccn-n2002037503,,,0000 0000 7886 3181,,,148737129,,,,,,,,,138339813,,n2002037503,,,,,,Mr. H.G. van der Vies-prijs,,,,,,,,,,,,,,,,,,,,,,boye003,,,Nederlands,,,,,,,,,,,,,,,,,,,,,,,,,,,,,,,,,,,,,,,,,,,,,,,,,,,,,,,,,,,,,,,,,,,,,,,,
Bartho_Braat,,Koninkrijk der Nederlanden,nm0102597,1950-08-17T00:00:00Z,,,televisieacteur;filmacteur,Leiden,mannelijk,85424,,,1984-01-01T00:00:00Z,http://commons.wikimedia.org/wiki/Special:FilePath/Bartho%20Braat.png,Braat,414052,/m/0bh3073,mens,,Bartho Braat,,,,,,,,,,,,,,,,403015,,,,,,,,,,,,,,,,,,,,,,,Wouter Braat,,,,,,,,,,,,,,,,,,braa058,,,,,,,,,,,,,,,,,,,,,,,,,,,,,,,,,,,,,,,,,,,,,,,,,,,,,,,,,,,,,,,,,,,,,,,,,,,
Ansje_van_Brandenberg,,Koninkrijk der Nederlanden,nm0104584,1933-02-28T00:00:00Z,,Ans-Marie,acteur;televisiepresentator;cabaretier,Amsterdam,vrouwelijk,85568,,,,http://commons.wikimedia.org/wiki/Special:FilePath/Ansje%20van%20Brandenberg%20%281964%29.jpg,,432802,,mens,,Ansje van Brandenberg,Ans-Marie Pont,Stadsarchief Rotterdam,,,,,142878824,,,,,,,,,,,,,,,,,,,,,,,,,,,,,,,,,,,,,,,,,,,,,,,,,,,,,,,,,,,,,,,,,,,,,,,,,,,,,,,,,,,,,,,,,,,,,,,,,,,,,,,,,,,,,,,,,,,,,,,,,,,,,
Ron_Brandsteder,,Koninkrijk der Nederlanden,nm0104841,1950-05-19T00:00:00Z,,Ron,schrijver;acteur;zanger;televisiepresentator;presentator;cabaretier,,mannelijk,85613,,,,http://commons.wikimedia.org/wiki/Special:FilePath/Ron%20Brandsteder%20cropped.jpg,,,,mens,,Ron Brandsteder,,,,,,,,d98d9efa-92c6-44a5-ba14-21d7c31cb92c,,291676436,,,stem,,,,,071047069,,,,,,,,,,,,,492550,,,,,,,,,,,,,,,,,,,,,,,,,,,,,Nederlands,,,,,,,,,,,,,,,,,,,,,showbizzquiz,,,,,,,,,,,,,,,,,,,,,,,,,,,,,,,,,,,,,,,,,,,,,,,,,,,
Elsie_de_Brauw,,Koninkrijk der Nederlanden,nm0105984,1960-07-30T00:00:00Z,,Elsie,acteur;uitvoerend kunstenaar;filmacteur,Den Haag,vrouwelijk,85712,,,,http://commons.wikimedia.org/wiki/Special:FilePath/Thomas%20Oberender%2C%20Elsie%20de%20Brauw.JPG,,224283,/m/0gby20r,mens,,Elsie de Brauw,,,,,,,,,,,,,,110246,,100619,,,,,,p382827,,,,,,,,,,,,,Gouden Kalf voor beste actrice;Theo d'Or,,,1892093,,,,,,,,,,,,,,,,,,,brau032,,,,,,,,,,,,,,,,,,,,,,,,,,,,,,,,,,2011-01-01T00:00:00Z,,,,,,,,,,,,,,,,,,,,,,,,,,,,,,,,,,,,,,,,,
Hans_Breetveld,,,,,,Hans,,,,,,,,,,,,mens,,,,,,,,,,,,,,,,,,,,,,,,,,,,,,,,,,,,,,,,,,,,,,,,,,,,,,,,,,,,,,,,,,,,,,,,,,,,,,,,,,,,,,,,,,,,,,,,,,,,,,,,,,,,,,,,,,,,,,,,,,,,,,,,,,,,,,
Tooske_Ragas,,Koninkrijk der Nederlanden,nm1193942,1974-06-03T00:00:00Z,,,acteur;zanger;televisiepresentator;presentator;filmacteur,Zwolle,vrouwelijk,144430;85939,,,1998-01-01T00:00:00Z,http://commons.wikimedia.org/wiki/Special:FilePath/Tooske%20Ragas%20stichting%20DON.jpg,,412539,/m/03h2gs2,mens,,Tooske Ragas,Antonia Grietje Breugem,,,,,Tooske Ragas,,dfff967e-09e6-45a4-ab32-c6a21ac962c9,t_breugem,305831847,,viaf-305831847,stem,,0000 0004 2327 5816,,,369279735,,,,,,,,Bastiaan Ragas,,,,,,,,,,3,,,,,,,,,,,,,,,,,,,,,,,,Nederlands,,Nederlands,,,,,,,,,,,,,,,,,,,,,,,,,,,,,,,,,,,,,,,,,,,,,,RTL Television,,,,,,,,,,,,,,,,,,,,,,,,
Ellis_van_den_Brink,,Koninkrijk der Nederlanden,nm0109548,1947-03-17T00:00:00Z,,Ellis,televisieacteur;toneelacteur;filmacteur;hoorspelacteur,Amsterdam,vrouwelijk,86077,,,,http://commons.wikimedia.org/wiki/Special:FilePath/Ellis%20van%20den%20Brink.png,Van den Brink,428047,,mens,,,,,,,,,,,,,,,,,,300359,,,,,,,,,,,,,,,,,,,,,,,Wim van den Brink,,,,,,,,,,,,,,,,,,,,,,,,,,,,,,,,,,,,,,,,,,,,,,,,,,,,,,,,,,,,,,,,,,,,,,Nell Koppen,,,,,,,,,,,,,,,,,,,,,,,
Robert_ten_Brink,,Koninkrijk der Nederlanden,nm0109568,1955-10-20T00:00:00Z,,Robert,acteur;televisiepresentator;nieuwslezer;presentator,Amsterdam,mannelijk,86110,,,,http://commons.wikimedia.org/wiki/Special:FilePath/Robert%20ten%20Brink.png,,428924,/m/03ybp70,mens,,Robert ten Brink,,,,,,,,,,,,,,,,1416735,,,,,,,,,,,,,,,,,,,Zilveren Televizier-Ster (presentator),,,,,,,,,,,,,,,,,,,,,,,,,,,,,,,,,,,,,,,,,,,,,,,,,,,,,,,,,,,,,,,,,,,,,,,,,,,,,,,,,,,,,,,,,,,,,,,,,
Nienke_Brinkhuis,http://www.nienkebrinkhuis.nl/,Koninkrijk der Nederlanden,nm1039526,1971-10-10T00:00:00Z,,Nienke,acteur;filmacteur,Kesteren,vrouwelijk,86137,,,,http://commons.wikimedia.org/wiki/Special:FilePath/Nienkebrinkhuis.jpg,,409275,/m/0k408s,mens,,Nienke Brinkhuis,,,,,,,,,,,,,,,,,,,,,,,,,,,,,,,,,,,,,,,,,,,,,,,,,,,,,,,,,,,,,,,,,,,,,,,,,,,,,,,,,,,,,,,,,,,,,,,,,,,,,,,,,,,,,,,,,,,,,,,,,,,,,,,,,,,,
Maja_van_den_Broecke,,Koninkrijk der Nederlanden,nm0111096,1956-06-16T00:00:00Z,,Maja,acteur,Amsterdam,vrouwelijk,82772,,,1983-01-01T00:00:00Z,,,413348,,mens,,,,,,,,,,,,,,,,,,,,,,,,,,,,,,,,,,,,,,,,,,,,,,,,,,,,,,,,/g/121rpvss,,,,,,,,,,,,,,,,,,,,,,,,,,,,,,,,,,,,,,,,,,,,,,,,,,,,,,,,,,,,,,,,,,,,,,,,,,,,,,
Peter_Broekaert,,,,,,,,,,,,,,,,,,,,,,,,,,,,,,,,,,,,,,,,,,,,,,,,,,,,,,,,,,,,,,,,,,,,,,,,,,,,,,,,,,,,,,,,,,,,,,,,,,,,,,,,,,,,,,,,,,,,,,,,,,,,,,,,,,,,,,,,,,,,,,,,,,,,,,,,
Manuel_Broekman,,Koninkrijk der Nederlanden,nm1291345,1986-12-26T00:00:00Z,,Manuel,acteur;televisiepresentator;diskjockey;presentator;filmacteur,Amsterdam,mannelijk,82858,,,1996-01-01T00:00:00Z,http://commons.wikimedia.org/wiki/Special:FilePath/Manuel%20Broekman.jpg,,400751,,mens,,Manuel Broekman,,,,,,,,,,,,,,547940,,1480649,589474,,,,,p624214,,,704600,,,,,,,,,,,,,,,,,,,,,,,,,,,,,/g/11b6dfdw06,,,,,,,,,,,,,,,,,,,,,,,,,,,,,,,,,,,,,,,,,,,,,,,,,,,,,,,,,,,,,,,,,,,,,,,,,,,,,,
Medi_Broekman,,Koninkrijk der Nederlanden,nm0111122,1983-09-12T00:00:00Z,,,acteur,Koninkrijk der Nederlanden,vrouwelijk,209668,,,,,,426912,/m/0rqgx3m,mens,,,,,,,,,,,,,,,,,,,,,,,,,,,,,,,,,,,,,,,,,,,,,,,,,,,,,,,,,,,,,,,,,,,,,,,,,,,,,,,,,,,,,,,,,,,,,,,,,,,,,,,,,,,,,,,,,,,,,,,,,,,,,,,,,,,,,,
Herman_Brood,http://www.hermanbrood.nl,Koninkrijk der Nederlanden,nm0111596,1946-11-05T00:00:00Z,,Herman,kunstschilder;pianist;schrijver;acteur;dichter;zanger;scenarioschrijver;gitarist;liedschrijver;singer-songwriter;filmacteur,Zwolle,mannelijk,86266,,,1964-01-01T00:00:00Z,http://commons.wikimedia.org/wiki/Special:FilePath/Herman%20Brood%201979.png,Brood,418853,/m/03jcw,mens,Lola Pop Brood,Herman Brood,,Stadsarchief Rotterdam;ASR-kunstcollectie,oeuvre auteursrechtelijk beschermd,Amsterdam,2001-07-11T00:00:00Z,Herman Brood,136735181,b6a8f165-b329-433e-8904-06aec124266f,herman_brood,38638516,agent/base/60029,lccn-n96043127,piano;gitaar;stem,,0000 0000 9554 1707,101198,486193,073352330,M00000000542,RCA Records,,,zelfdoding,zelfdoding door springen van hoogte,,Xandra Jansen,120393522,populaire-muziek/herman-brood,n96043127,,267937,rock-'n-roll,,mn0000910396,Popprijs;Zilveren Harp;Gouden Harp,,,,,249116,,,,,,,c80d6703d9774bccb39cc7a1b180e6e8,120393522,,082043213,,,,,,,broo001,12961,,Nederlands,,,,,,,,,,,,XX1578380,,,,,,65076921,,,,,,374071,,,23302,,,,,b/brood_herman,,,,,,,,,,,,,,,,,,herman-brood,herman-brood,02000000050,7fe89213-ca7f-e011-81ad-002264c49834,M-003269,w6bd238n,omi2eh27sc,vertegenwoordigd door CISAC-lid,herman-brood,13798,Groningen;Amsterdam;Arnhem;Verenigde Staten van Amerika,4B52C57DF92CE2B6,http://commons.wikimedia.org/wiki/Special:FilePath/Zv-Hermanbrood.jpg,Herman Brood,Brood-3,Herman-Brood,6000000014290240896,Categorie:Herman Brood,herman-brood,B00027073,,,
Dolf_Brouwers,,Koninkrijk der Nederlanden,nm0112840,1912-08-31T00:00:00Z,,Dolf,acteur;zanger;televisieacteur;cabaretier,,mannelijk,86399,,,,http://commons.wikimedia.org/wiki/Special:FilePath/Dolf%20Brouwers.jpg,Brouwers,433355,/m/01vyfh6,mens,,Dolf Brouwers,,,,,1997-09-23T00:00:00Z,,,747a40fe-c624-445e-9f7b-f254e805878b,,47665990,,lccn-n86033417,stem,,0000 0001 2025 2086,,,069803692,M00000079351,,,,,,,,123315522,,n86033417,,519958,,,,,,Sjef van Oekel,,,,,,,,,,,,,,,,,,,,,,,,,,,tenor,,,,,,,,,,,,,,,,,,,,1718301,,,,,,,,,,,,,,,,,,,,,,,,,,,,,,,,,,,,,,,,,,,,,,,,
Martin_Brozius,,Koninkrijk der Nederlanden,nm0115339,1941-11-04T00:00:00Z,,Martin,acteur;televisieacteur;televisiepresentator;presentator;cabaretier,,mannelijk,86494,,,1968-01-01T00:00:00Z,http://commons.wikimedia.org/wiki/Special:FilePath/Martin%20Brozius.jpg,,414146,/m/05zr8jg,mens,,Martin Brozius,,,,,2009-03-24T00:00:00Z,,,08dda237-df71-477a-9d5a-6d0ec36b5a6f,,280969853,,viaf-280969853,,,0000 0001 3271 4719,,,070242569,M00000053567,,,,,,,,,,,,2116038,,,,,,,,,,,,,,,,,,,,,,,,https://filmwiki.nl/Martin_Brozius,,,,,,,,,,,,,,,,,,,,,,,,,,,,,,,,,,,,,,,,,,,,,,,,,,,,,,,,,,,,,,,,,,,,,,,,,,,,,
Eddy_Brugman,,,,,,,,,,,,,,,,,,,,,,,,,,,,,,,,,,,,,,,,,,,,,,,,,,,,,,,,,,,,,,,,,,,,,,,,,,,,,,,,,,,,,,,,,,,,,,,,,,,,,,,,,,,,,,,,,,,,,,,,,,,,,,,,,,,,,,,,,,,,,,,,,,,,,,,,
Caroline_De_Bruijn,,Koninkrijk der Nederlanden,nm0115836,1962-07-31T00:00:00Z,,Caroline,acteur;televisieacteur;televisiepresentator;presentator,Dordrecht,vrouwelijk,86746,,,1990-01-01T00:00:00Z,http://commons.wikimedia.org/wiki/Special:FilePath/Caroline%20De%20Bruijn.jpg,De Bruijn,416444,/m/0bbrnhy,mens,,Caroline De Bruijn,,,,,,,,,,284136860,,viaf-284136860,,,,,,164403639,,,,,,,,Erik de Vogel,,,,,,,,,,,,,,,,,,,,,,,,,,,,,,,,,,,,,,,,,,,,,,,,,,,,,,,,,,,,,,,,,,,,,,,,,,,,,,,,,,,,,,,,,,,,,,,,,,,,,,,,,,
Koert-Jan_de_Bruijn,,Koninkrijk der Nederlanden,nm1179470,1976-08-15T00:00:00Z,,Koert,acteur;televisieacteur;televisiepresentator;presentator,Amsterdam,mannelijk,86759,,,,http://commons.wikimedia.org/wiki/Special:FilePath/Koert-Jan%20de%20Bruijn.jpg,De Bruijn,,,mens,,Koert-Jan de Bruijn,,,,,,,,,,,,,,,,,,,,,,,,,,,,,,,,,,,,,,,,,,,,,,,,,,,,,,,,,,,,,,,,,,,,,,,,,,,,,,,,,,,,,,,,,,,,,,,,,,,,,,,,,,,,,,,,,,,,,,,,,,,,,,,,,,,,
Joke_Bruijs,http://www.jokebruijs.nl/,Koninkrijk der Nederlanden,nm0115840,1952-01-14T00:00:00Z,,Joke,acteur;zanger;televisieacteur;cabaretier,Rotterdam,vrouwelijk,86773,,,1970-01-01T00:00:00Z,http://commons.wikimedia.org/wiki/Special:FilePath/Joke%20Bruijs.png,,392136,/m/01w0m25,mens,,Joke Bruijs,,,,,,Joke Bruijs,,acb20473-6642-4948-b1bb-fa45a86046f0,,305803356,,lccn-no2016030433,stem,,0000 0001 3158 6823,268641,,354885707,M00000098722,,,,,,,,,,no2016030433,,,,,,,,,,,3565581,,,,,,,,,,,,,,,,,,,,Nederlands,,Nederlands,,,,,,,,,,,,,,,,,,,,,,,,,,,,,,,,,,,,,,,,,,,,,,,,,,,,,,,,,,,,,,,,,,,,,,
Hajo_Bruins,,Koninkrijk der Nederlanden,nm0115856,1959-03-27T00:00:00Z,,Hajo,acteur,Steenwijk,mannelijk,86862,,,1988-01-01T00:00:00Z,http://commons.wikimedia.org/wiki/Special:FilePath/Hajo%20Bruins.jpg,Bruins,,/m/0gc59ps,mens,,Hajo Bruins,,,,,,,,,,5898148814309745330004,,viaf-5898148814309745330004,,,,723253,,,,,,p543153,,,,,,,,,,,,,,,,1907793,,,,,,,,,,,,,,,,,,,,,,,,,,,,,,,,,,,,,,,,,,,,,,,,,,,,,,,,,,,,,,,,,,,,,,,,,,,,,,,,,,,,,,,,,,,,Linde van den Heuvel,,
Edo_Brunner,,Koninkrijk der Nederlanden,nm0116373,1970-10-11T00:00:00Z,,Edo,acteur;televisiepresentator;presentator,Dordrecht,mannelijk,86951,,,1995-01-01T00:00:00Z,http://commons.wikimedia.org/wiki/Special:FilePath/Edo%20Brunner.jpg,Brunner,45331,/m/0274fwd,mens,,Edo Brunner,,,,,,,,,,,,,,283556,,237115,,,,,,p358135,,,,,,,,,,,,,,,,,,,,,,,,,,,,,,,,,,,,,,,,,,,,,,,,,,,,,,,,,,,,,,,,,,,,,,,,,,,,,,,,,,,,,,,,,,,,,,,,,,,,,,,,,,,,,,
Kees_Brusse,,Koninkrijk der Nederlanden,nm0116733,1925-02-26T00:00:00Z,,Kees,schrijver;scenarioschrijver;televisieacteur;filmregisseur;filmacteur,Rotterdam,mannelijk,86993,,,1936-01-01T00:00:00Z,http://commons.wikimedia.org/wiki/Special:FilePath/Kees%20Brusse.jpg,Brusse,,/m/0cmdjf0,mens,,Kees Brusse,,Stadsarchief Rotterdam,oeuvre auteursrechtelijk beschermd,Laren,2013-12-09T00:00:00Z,,143130729,,,108009401,,lccn-no2010033631,,,0000 0003 7204 5470,329489,508398,070095000,M00000091712,,7231,p219226,,emfyseem,218926,,1061575659,,no2010033631,,848297,,,,,,,,Marie Joseph Brusse,,,xx0172508,,184112,223795,,437f1d978e794f138b87532a3be9e957,1061575659,,,,,,,,,,,,Nederlands,FilmWiki.nl;Obalky knih.cz,,,,,,,,,,,,,,,,,,,,,,,,,,,,,Peter Brusse;Jan Brusse;Mark Brusse;Ytzen Brusse,,,,,,,,,,,,,,,,,,,,,,,,,,,,,,,,,,,,,,,,,,
Erik_de_Bruyn,,,,,,,,,,,,,,,,,,Wikimedia-doorverwijspagina,,,,,,,,,,,,,,,,,,,,,,,,,,,,,,,,,,,,,,,,,,,,,,,,,,,,,,,,,,,,,,,,,,,,,,,,,,,,,,,,,,,,,,,,,,,,,,,,,,,,,,,,,,,,,,,,,,,,,,,,,,,,,,,,,,,,,,
Els_Buitendijk,,,,,,,,,,,,,,,,,,,,,,,,,,,,,,,,,,,,,,,,,,,,,,,,,,,,,,,,,,,,,,,,,,,,,,,,,,,,,,,,,,,,,,,,,,,,,,,,,,,,,,,,,,,,,,,,,,,,,,,,,,,,,,,,,,,,,,,,,,,,,,,,,,,,,,,,
Joost_Buitenweg,,Koninkrijk der Nederlanden,nm0119691,1967-05-24T00:00:00Z,,Joost,acteur;filmproducent;televisieacteur;televisiepresentator;filmregisseur,Amsterdam,mannelijk,87304,,,,,,,,mens,,,,,,,,,,,,,,,,,,,,,,,,,,,,,,,,,,,,,,,,,,,,,,,,,,,,,,,,/g/1232jq1d,,,,,,,,,,,,,,,,,,,,,,,,,,,,,,,,,,,,,,,,,,,,,,,,,,,,,,,,,,,,,,,,,,,,,,,,,,,,,,
Sacha_Bulthuis,,Koninkrijk der Nederlanden,nm0120259,1948-05-24T00:00:00Z,,Alexandra,acteur,Doorn,vrouwelijk,87379,,,,http://commons.wikimedia.org/wiki/Special:FilePath/Sacha%20Bulthuis%20en%20Siem%20Vroom%20%281974%29.jpg,Bulthuis,413225,/m/0j7tgz8,mens,Aus Greidanus jr.;Pauline Greidanus,Sacha Bulthuis,Alexandra Paula Maria Bulthuis,,,Den Haag,2009-10-15T00:00:00Z,,,,,100830111,,lccn-no2009152706,,,0000 0003 7204 5104,,,,,,,,natuurlijke dood,kanker,,Aus Greidanus sr.,,toneel/sacha-bulthuis,no2009152706,,,,,,Victorine Heftingprijs;Prosceniumprijs;Theo d'Or,3,,,Rico Bulthuis,,,,,,,,,,,,Toneelgroep De Appel,,,,,,,,,,1001 vrouwen in de 20ste eeuw,,,,,,,,,,,,,,,,,,,,,,,,,Academie voor Theater en Dans,,Bulthuis,,,,,,,,,,,,,,,,,,,,,,,,,,,,,,,,,,,,,,,,,,,Sacha Bulthuis,
Daphne_Bunskoek,,Koninkrijk der Nederlanden,nm1135487,1973-11-22T00:00:00Z,,Daphne,acteur;televisiepresentator;presentator,Almelo,vrouwelijk,87437,,,,http://commons.wikimedia.org/wiki/Special:FilePath/Bunskoek2013.jpg,Bunskoek,,,mens,,Daphne Bunskoek,,,,,,,,,,303641744,,viaf-303641744,,,,,,,,,,,,,,,,,,,,,,,,,,,,,,,,,,,,,,,,,,,,,,,,,,,,,,,,,,,,,,,,,,,,,,,,,,,,,,,,,,,,,,,,,,,,,,,,,,,,,,,,,,,,,,,,,,,,,,,,9810596677005606
Claude_De_Burie,,België,nm0121525,1968-01-23T00:00:00Z,,Claude,acteur,,mannelijk,,,,,,,,,mens,,,,,,,,,,,,,,,,,,1737376,,,,,,,,,,,,,,,,,,,,,,1891101,,,,,,,,,,,,,,,,,,,,,,,,,,,,,,,,,,,,,,,,,,,,,,,,,,,,,,,,,,,,,,,,,,,,,,,,,,,,,,,,,,,,,,,,,,,,,,
Felix_Burleson,,Koninkrijk der Nederlanden,nm0122121,1948-06-08T00:00:00Z,,Felix,acteur,Albina,mannelijk,87647,,,1981-01-01T00:00:00Z,http://commons.wikimedia.org/wiki/Special:FilePath/FelixBurleson1.JPG,,,/m/0d9m7p3,mens,,Felix Burleson,,,,,,,,,,292020676,,viaf-292020676,,,0000 0003 9701 9965,746306,,242717861,,,,,,,,,,,,,,,,,,,,,,,,,,,,,,,,,,,,,,,,,,,,,,,,,,,,,,,,,,,,,,,,,,,,,,,,,,,,,,,,,,,,,,,,,,,,,,,,,,,,,,,,,,,,,,,,,,
Reinout_Bussemaker,,Koninkrijk der Nederlanden,nm0124453,1959-01-01T00:00:00Z,,Reinout,acteur;filmacteur,Leiden,mannelijk,87790,,,1982-01-01T00:00:00Z,,,202425,/m/0bt_d9r,mens,,,,,,,,,,,,107052368,,,,316220,,100620,425934,,,,,p9886,,,,,1061831310,,,,,,,,,,,,,,,,,227961,,,781dcaadd1754b038f6077ede2afb23e,1061831310,,,,,,,,,,,,,,,,,3650652,,,,,,,,,,,,,,,,,,,,,,,,,,,,,,,,,,,,,,,,,,,,,,,,,,,,,,,,,,,,,,,,,,,
Fred_Butter,http://www.fredbutter.nl/,Koninkrijk der Nederlanden,nm1399741,1957-06-13T00:00:00Z,,Fred,acteur;televisieacteur,,mannelijk,87847,,,,,Butter,,,mens,,,,,,,,,,53d223ae-78b7-4275-a299-aaac39159872,,,,,,,,,,,,,,,,,,,,,,,,,,,,,,,,,,,,,,,,,,,,,,,,,,,,,,,,,,,,,,,,,,,,,,,,,,,,,,,,,,,,,,,,,,,,,,,,,,,,,,,,,,,,,,,,,,,,,,,,,,,,
Frits_Butzelaar,,Koninkrijk der Nederlanden,nm0125482,1920-03-13T00:00:00Z,,Frits,acteur;atleet;televisieregisseur,,mannelijk,87857,,,,http://commons.wikimedia.org/wiki/Special:FilePath/Morgen%20gebeurt%20het%20-%20Fritz%20Butzelaar.jpg,,,,mens,,Frits Butzelaar,,,,,2000-04-11T00:00:00Z,,,,,,,,,,,,,,,,,,,,,,,,,,,,,,,,,,,,,,,,,,,,,,,,,,,,,,,,,,,,,,,,,,atletiek,,,,,,,,,,,,,,,,,,,,,,,,,,,,,,,,,,,,,,,,,,,,,,,,,,,,,,,,,,,,,
Anne_Buurma,,,,,,,,,,,,,,,,,,,,,,,,,,,,,,,,,,,,,,,,,,,,,,,,,,,,,,,,,,,,,,,,,,,,,,,,,,,,,,,,,,,,,,,,,,,,,,,,,,,,,,,,,,,,,,,,,,,,,,,,,,,,,,,,,,,,,,,,,,,,,,,,,,,,,,,,
